mage0389    marius@pov.lt                 Marius Gedminas
alce4048    mnjk@takas.lt                 Aleksandr Čerleniuk
anba3336    mifnixon@takas.lt             Andrius Bagdonavičius
kask3893    kuzma@dbzmail.com             Kazys Sketrys
maka3544    vkanapor@takas.lt             Mantas Kanaporis
daal3315    aladin@ktv.lt                 Darius Aladaitis
evzi3051    hero@crazy.lt                 Evaldas Žilinskas
giba1413    giedrbac@takas.lt             Giedrius Bacevičius
makr3036    mrt@bamba.lt                  Martynas Kriaučiūnas
dado1945    dalius@post.m-1.lt            Dalius Dobravolskas
gimi3726    gintautas.m@centras.lt        Gintautas Miliauskas
vyju3526    vytzka@yahoo.com              Vytautas Juodis
evju3533    evkax@one.lt                  Evaldas Juška
geku3625    gedas@one.lt                  Gedas Kučinskas
doku3089    donatas.kulvicius@mif.vu.lt   Donatas Kulvičius
makr2707    makr@one.lt                   Martynas Kriščiūnas
mama3667    minaslt@yahoo.com             Marius Makarevičius
